time(s),S1,S2,S3,S4,S5,S6,S7,S8,S9,S10,Temp,Humid
0.0,1931.375,2168.75,2369.0,2251.75,2453.375,1944.375,500.625,2585.875,1791.25,1684.375,36.16,49.14
0.1,1931.375,2169.0,2369.0,2251.875,2453.375,1944.25,500.625,2585.875,1791.375,1684.5,36.15,49.09
0.2,1931.25,2169.125,2369.0,2251.875,2453.5,1944.25,500.5,2585.875,1791.625,1684.75,36.16,49.09
0.3,1931.375,2169.25,2369.125,2252.0,2453.5,1944.375,500.375,2586.0,1791.75,1684.75,36.18,49.11
0.4,1931.25,2169.375,2369.125,2252.125,2453.5,1944.375,500.375,2586.125,1792.0,1685.0,36.18,49.07
0.5,1931.25,2169.5,2369.125,2252.125,2453.5,1944.375,500.375,2586.125,1792.25,1685.25,36.18,49.16
0.6,1931.25,2169.625,2369.25,2252.25,2453.5,1944.375,500.25,2586.125,1792.375,1685.375,36.16,49.09
0.7,1931.25,2169.75,2369.25,2252.25,2453.5,1944.375,500.375,2586.125,1792.5,1685.5,36.18,49.11
0.8,1931.25,2170.0,2369.125,2252.375,2453.5,1944.375,500.25,2586.25,1792.75,1685.625,36.19,49.09
0.9,1931.25,2170.25,2369.125,2252.5,2453.625,1944.375,500.25,2586.25,1793.0,1685.875,36.2,49.1
1.0,1931.125,2170.375,2369.125,2252.5,2453.625,1944.25,500.25,2586.375,1793.125,1686.0,36.18,49.09
1.1,1931.125,2170.5,2369.125,2252.625,2453.75,1944.25,500.25,2586.375,1793.375,1686.125,36.19,49.09
1.2,1931.125,2170.625,2369.125,2252.625,2453.625,1944.375,500.25,2586.375,1793.625,1686.25,36.18,49.02
1.3,1931.125,2170.875,2369.125,2252.625,2453.625,1944.375,500.125,2586.375,1793.875,1686.375,36.18,49.1
1.4,1931.125,2171.0,2369.125,2252.75,2453.625,1944.375,500.125,2586.5,1794.0,1686.5,36.19,49.1
1.5,1931.125,2171.125,2369.125,2252.75,2453.625,1944.375,500.125,2586.5,1794.25,1686.75,36.19,49.07
1.6,1931.125,2171.375,2369.125,2252.875,2453.75,1944.25,500.0,2586.5,1794.375,1686.875,36.2,49.06
1.7,1931.0,2171.625,2369.125,2252.875,2453.75,1944.375,500.0,2586.625,1794.5,1687.0,36.19,49.07
1.8,1931.0,2171.75,2369.0,2253.0,2453.75,1944.375,500.0,2586.625,1794.625,1687.25,36.18,49.05
1.9,1931.0,2172.0,2369.0,2252.875,2453.75,1944.25,500.0,2586.75,1794.875,1687.25,36.19,49.05
2.0,1931.0,2172.125,2369.125,2253.125,2453.875,1944.25,499.875,2586.75,1795.125,1687.375,36.19,49.02
2.1,1931.125,2172.25,2369.125,2253.25,2453.75,1944.25,499.875,2586.75,1795.375,1687.625,36.18,49.02
2.2,1931.25,2172.5,2369.375,2253.375,2453.875,1944.375,499.875,2586.875,1795.75,1687.875,36.16,49.04
2.3,1931.25,2172.75,2369.375,2253.5,2453.875,1944.375,499.875,2587.0,1796.0,1688.125,36.18,48.97
2.4,1931.25,2173.0,2369.375,2253.75,2453.875,1945.125,499.75,2587.0,1796.375,1688.375,36.19,49.02
2.5,1931.25,2173.25,2369.375,2254.125,2454.0,1946.625,499.75,2587.125,1796.875,1688.75,36.18,49.0
2.6,1931.25,2173.625,2369.375,2254.875,2454.25,1949.125,499.75,2587.5,1797.375,1689.125,36.19,49.0
2.7,1931.25,2173.875,2369.375,2256.0,2454.5,1952.75,499.75,2588.125,1798.125,1690.0,36.18,49.01
2.8,1931.25,2174.25,2369.25,2257.75,2455.0,1957.75,500.0,2589.25,1799.125,1691.625,36.18,48.97
2.9,1931.375,2174.625,2369.375,2260.125,2455.75,1963.75,500.5,2591.0,1800.5,1694.125,36.18,49.0
3.0,1931.5,2175.125,2369.5,2263.25,2456.875,1970.625,501.375,2593.5,1802.0,1697.875,36.22,48.99
3.1,1931.875,2175.875,2369.5,2266.875,2458.375,1978.375,502.375,2597.0,1804.0,1702.875,36.19,49.02
3.2,1932.375,2176.75,2369.625,2271.375,2460.25,1986.625,503.75,2601.125,1806.25,1709.125,36.2,49.04
3.3,1933.125,2177.75,2369.875,2276.25,2462.625,1995.375,505.625,2606.0,1809.0,1716.5,36.18,49.03
3.4,1934.25,2179.0,2370.125,2282.0,2465.375,2004.625,508.0,2611.75,1812.375,1724.875,36.2,49.02
3.5,1935.625,2180.5,2370.375,2288.125,2468.5,2014.125,510.375,2618.125,1816.25,1734.25,36.19,49.03
3.6,1937.375,2182.125,2370.875,2294.875,2472.0,2023.875,513.25,2625.0,1820.5,1744.5,36.19,49.11
3.7,1939.625,2184.0,2371.375,2302.375,2475.75,2033.875,516.5,2632.625,1825.5,1755.5,36.2,49.13
3.8,1942.375,2186.0,2372.125,2310.25,2479.875,2044.0,520.0,2640.75,1830.75,1767.25,36.19,49.14
3.9,1945.375,2188.25,2372.875,2318.625,2484.0,2054.25,523.75,2649.375,1836.375,1779.5,36.19,49.1
4.0,1949.0,2190.875,2373.75,2327.625,2488.5,2064.5,528.0,2658.5,1842.5,1792.375,36.19,49.17
4.1,1953.0,2193.75,2374.625,2336.875,2493.125,2074.75,532.25,2668.0,1849.0,1805.75,36.19,49.2
4.2,1957.25,2196.875,2375.625,2346.5,2497.75,2084.75,536.875,2677.875,1855.75,1819.375,36.19,49.2
4.3,1962.125,2200.25,2376.75,2356.5,2502.75,2094.875,541.875,2688.25,1862.75,1833.75,36.2,49.17
4.4,1967.25,2204.0,2377.75,2367.0,2507.75,2104.75,547.0,2698.875,1870.25,1848.25,36.19,49.23
4.5,1972.75,2207.875,2379.0,2377.5,2512.625,2114.5,552.25,2709.5,1877.875,1862.875,36.19,49.29
4.6,1978.75,2212.125,2380.125,2388.125,2517.75,2124.125,557.75,2720.5,1885.75,1878.0,36.19,49.25
4.7,1985.0,2216.375,2381.375,2399.0,2522.75,2133.375,563.5,2731.5,1893.75,1893.125,36.22,49.31
4.8,1991.625,2221.0,2382.75,2410.0,2527.75,2142.625,569.5,2742.875,1902.0,1908.5,36.18,49.33
4.9,1998.75,2225.875,2384.125,2421.125,2532.875,2151.5,575.75,2754.375,1910.375,1924.0,36.19,49.33
5.0,2006.0,2230.875,2385.375,2432.375,2537.75,2160.25,582.125,2765.75,1918.875,1939.25,36.18,49.42
5.1,2013.625,2236.375,2386.75,2443.75,2542.875,2168.75,588.75,2777.375,1927.375,1954.75,36.18,49.41
5.2,2021.625,2242.0,2388.0,2455.25,2547.75,2176.875,595.625,2789.125,1936.0,1970.25,36.22,49.45
5.3,2029.625,2247.75,2389.375,2466.625,2552.75,2184.875,602.625,2800.5,1944.625,1985.625,36.19,49.49
5.4,2038.125,2253.75,2390.75,2478.25,2557.5,2192.875,609.625,2812.125,1953.375,2000.875,36.2,49.49
5.5,2046.75,2259.75,2392.125,2489.75,2562.25,2200.625,617.125,2823.75,1962.0,2016.25,36.19,49.52
5.6,2055.625,2266.0,2393.5,2501.25,2566.875,2208.125,624.5,2835.125,1970.625,2031.25,36.2,49.5
5.7,2064.625,2272.5,2394.875,2512.75,2571.5,2215.375,632.125,2846.5,1979.25,2046.375,36.19,49.52
5.8,2074.0,2279.0,2396.375,2524.375,2576.125,2222.5,640.0,2857.75,1987.75,2061.375,36.18,49.59
5.9,2083.25,2285.75,2397.75,2535.625,2580.5,2229.25,647.875,2868.875,1996.125,2075.875,36.22,49.63
6.0,2092.75,2292.75,2399.125,2547.125,2584.75,2235.875,656.125,2879.875,2004.5,2090.5,36.19,49.64
6.1,2102.5,2299.75,2400.375,2558.375,2589.125,2242.375,664.375,2890.75,2012.75,2104.75,36.19,49.63
6.2,2112.125,2306.875,2401.625,2569.5,2593.25,2248.625,672.75,2901.375,2020.875,2118.75,36.2,49.7
6.3,2121.875,2314.0,2403.0,2580.625,2597.375,2254.875,681.375,2912.0,2029.0,2132.625,36.2,49.68
6.4,2131.875,2321.375,2404.375,2591.625,2601.375,2260.875,690.0,2922.5,2037.0,2146.25,36.2,49.7
6.5,2141.75,2328.625,2405.625,2602.25,2605.125,2266.75,698.75,2932.625,2044.75,2159.625,36.19,49.73
6.6,2151.875,2336.0,2407.125,2613.0,2609.0,2272.375,707.625,2942.625,2052.5,2172.75,36.2,49.77
6.7,2161.875,2343.5,2408.375,2623.375,2612.625,2277.875,716.625,2952.5,2060.125,2185.875,36.19,49.8
6.8,2171.875,2351.0,2409.625,2633.625,2616.25,2283.0,725.75,2962.25,2067.5,2198.5,36.16,49.78
6.9,2181.875,2358.75,2411.0,2643.875,2619.875,2288.125,735.0,2971.75,2074.875,2211.125,36.19,49.78
7.0,2192.0,2366.375,2412.125,2653.875,2623.375,2293.0,744.25,2981.125,2082.125,2223.375,36.2,49.81
7.1,2201.875,2374.0,2413.375,2663.625,2626.875,2297.75,753.625,2990.25,2089.125,2235.375,36.19,49.88
7.2,2211.875,2381.75,2414.5,2673.375,2630.125,2302.375,763.0,2999.375,2096.125,2247.0,36.22,49.87
7.3,2221.75,2389.5,2415.875,2682.875,2633.375,2306.875,772.5,3008.0,2103.0,2258.5,36.2,49.91
7.4,2231.625,2397.125,2417.0,2692.0,2636.375,2311.25,782.0,3016.625,2109.625,2269.625,36.19,49.94
7.5,2241.5,2404.75,2418.25,2701.125,2639.5,2315.5,791.625,3025.0,2116.25,2280.625,36.2,49.94
7.6,2251.25,2412.5,2419.5,2710.125,2642.375,2319.625,801.25,3033.25,2122.625,2291.5,36.19,49.94
7.7,2260.875,2420.125,2420.625,2718.875,2645.25,2323.625,811.0,3041.25,2128.875,2302.0,36.22,49.97
7.8,2270.5,2427.875,2421.875,2727.5,2648.125,2327.5,820.875,3049.125,2135.0,2312.25,36.2,49.97
7.9,2280.0,2435.5,2423.0,2735.75,2651.0,2331.25,830.5,3056.75,2141.0,2322.25,36.2,49.97
8.0,2289.375,2443.125,2424.0,2744.125,2653.625,2334.875,840.25,3064.25,2146.875,2332.25,36.2,50.05
8.1,2298.625,2450.625,2425.125,2752.125,2656.375,2338.25,850.125,3071.5,2152.625,2341.875,36.2,50.03
8.2,2307.75,2458.125,2426.125,2759.875,2658.875,2341.75,859.75,3078.5,2158.25,2351.125,36.19,50.0
8.3,2316.875,2465.5,2427.25,2767.625,2661.375,2345.0,869.625,3085.375,2163.875,2360.25,36.2,50.07
8.4,2326.0,2472.875,2428.375,2775.125,2663.875,2348.25,879.375,3092.125,2169.375,2369.125,36.2,50.06
8.5,2334.625,2480.25,2429.375,2782.375,2666.25,2351.25,889.125,3098.625,2174.5,2377.875,36.2,50.07
8.6,2343.375,2487.625,2430.375,2789.625,2668.625,2354.25,899.0,3105.125,2179.75,2386.5,36.19,50.08
8.7,2352.0,2494.875,2431.375,2796.625,2670.75,2357.25,908.75,3111.5,2184.75,2394.875,36.19,50.11
8.8,2360.375,2502.0,2432.25,2803.375,2673.0,2359.875,918.5,3117.625,2189.625,2403.0,36.19,50.15
8.9,2368.75,2509.25,2433.25,2810.125,2675.125,2362.625,928.25,3123.625,2194.5,2411.125,36.2,50.17
9.0,2377.0,2516.25,2434.125,2816.625,2677.125,2365.125,937.875,3129.5,2199.125,2419.0,36.18,50.18
9.1,2385.0,2523.125,2435.0,2823.0,2679.125,2367.75,947.375,3135.25,2203.75,2426.625,36.19,50.18
9.2,2392.875,2530.0,2436.0,2829.125,2681.125,2370.25,957.0,3140.75,2208.25,2434.25,36.18,50.21
9.3,2400.75,2536.75,2436.875,2835.125,2683.0,2372.75,966.625,3146.25,2212.75,2441.5,36.19,50.21
9.4,2408.375,2543.375,2437.75,2841.125,2684.875,2375.0,975.875,3151.5,2217.0,2448.75,36.2,50.23
9.5,2415.875,2550.125,2438.625,2846.875,2686.625,2377.375,985.25,3156.75,2221.125,2455.75,36.19,50.2
9.6,2423.25,2556.625,2439.5,2852.625,2688.375,2379.625,994.625,3161.75,2225.25,2462.625,36.2,50.21
9.7,2430.375,2563.125,2440.25,2858.125,2690.125,2381.875,1003.875,3166.75,2229.125,2469.375,36.19,50.21
9.8,2437.5,2569.5,2441.0,2863.625,2691.75,2383.875,1013.125,3171.625,2233.125,2475.875,36.19,50.21
9.9,2444.375,2575.875,2441.75,2868.875,2693.375,2386.0,1022.375,3176.375,2236.875,2482.375,36.18,50.21
10.0,2451.25,2582.0,2442.5,2874.0,2694.875,2387.875,1031.25,3180.875,2240.625,2488.625,36.19,50.3
10.1,2458.0,2588.125,2443.25,2879.0,2696.5,2389.875,1040.25,3185.375,2244.25,2494.875,36.18,50.26
10.2,2464.5,2594.125,2444.125,2884.0,2697.875,2391.75,1049.125,3189.75,2247.75,2500.875,36.18,50.27
10.3,2471.0,2600.0,2444.75,2888.625,2699.375,2393.5,1058.0,3194.0,2251.25,2506.875,36.19,50.28
10.4,2477.25,2606.0,2445.5,2893.25,2700.75,2395.25,1066.75,3198.25,2254.625,2512.75,36.18,50.3
10.5,2483.5,2611.75,2446.25,2897.875,2702.125,2396.875,1075.375,3202.25,2257.875,2518.375,36.18,50.35
10.6,2489.5,2617.5,2446.875,2902.25,2703.375,2398.5,1084.0,3206.375,2261.0,2523.875,36.2,50.32
10.7,2495.375,2623.125,2447.5,2906.75,2704.75,2400.125,1092.625,3210.25,2264.25,2529.375,36.19,50.38
10.8,2501.25,2628.75,2448.125,2910.875,2706.125,2401.625,1101.0,3214.125,2267.25,2534.625,36.19,50.35
10.9,2506.875,2634.125,2448.75,2915.0,2707.375,2403.0,1109.375,3217.75,2270.375,2539.75,36.2,50.35
11.0,2512.5,2639.5,2449.5,2919.0,2708.5,2404.375,1117.75,3221.5,2273.375,2545.0,36.19,50.33
11.1,2518.0,2644.75,2450.125,2922.875,2709.75,2405.875,1125.75,3225.0,2276.25,2549.875,36.19,50.39
11.2,2523.5,2649.875,2450.875,2926.625,2710.875,2407.25,1134.0,3228.5,2279.125,2554.875,36.2,50.34
11.3,2528.75,2655.0,2451.5,2930.375,2712.0,2408.5,1142.0,3231.875,2281.875,2559.75,36.2,50.38
11.4,2533.875,2660.125,2452.0,2934.125,2713.125,2409.75,1150.0,3235.25,2284.5,2564.5,36.19,50.39
11.5,2539.0,2665.125,2452.625,2937.625,2714.125,2410.875,1157.875,3238.375,2287.25,2569.25,36.18,50.42
11.6,2544.0,2670.125,2453.125,2941.125,2715.25,2412.125,1165.625,3241.625,2289.875,2573.875,36.19,50.42
11.7,2548.75,2674.875,2453.625,2944.5,2716.25,2413.125,1173.375,3244.625,2292.375,2578.375,36.18,50.42
11.8,2553.5,2679.625,2454.25,2947.875,2717.25,2414.375,1180.875,3247.625,2295.0,2582.875,36.19,50.4
11.9,2558.25,2684.25,2454.75,2951.0,2718.25,2415.5,1188.5,3250.5,2297.5,2587.125,36.19,50.42
12.0,2562.875,2688.75,2455.375,2954.0,2719.125,2416.625,1195.75,3253.375,2300.0,2591.5,36.18,50.43
12.1,2567.375,2693.25,2455.875,2957.125,2720.125,2417.75,1203.125,3256.125,2302.375,2595.625,36.19,50.42
12.2,2571.875,2697.75,2456.5,2960.125,2721.0,2418.875,1210.25,3258.875,2304.75,2599.875,36.19,50.42
12.3,2576.125,2702.125,2457.125,2963.125,2721.875,2419.875,1217.375,3261.5,2307.0,2604.0,36.2,50.43
12.4,2580.375,2706.5,2457.5,2966.0,2722.75,2420.75,1224.375,3264.125,2309.125,2608.0,36.19,50.47
12.5,2584.5,2710.75,2458.0,2968.75,2723.625,2421.75,1231.25,3266.75,2311.375,2612.0,36.2,50.46
12.6,2588.5,2714.875,2458.375,2971.5,2724.375,2422.5,1238.25,3269.125,2313.625,2615.875,36.2,50.46
12.7,2592.5,2719.0,2458.875,2974.125,2725.125,2423.5,1244.875,3271.5,2315.75,2619.5,36.18,50.45
12.8,2596.5,2723.0,2459.375,2976.625,2726.0,2424.375,1251.5,3273.75,2317.875,2623.25,36.19,50.5
12.9,2600.25,2726.875,2459.875,2979.25,2726.75,2425.25,1258.125,3276.0,2319.875,2626.875,36.19,50.5
13.0,2604.0,2730.75,2460.375,2981.625,2727.5,2426.0,1264.5,3278.25,2322.0,2630.375,36.19,50.48
13.1,2607.875,2734.5,2460.875,2984.0,2728.125,2426.75,1271.0,3280.5,2323.875,2634.0,36.2,50.5
13.2,2611.375,2738.25,2461.25,2986.375,2728.875,2427.5,1277.375,3282.625,2325.75,2637.5,36.2,50.5
13.3,2614.875,2742.0,2461.75,2988.75,2729.5,2428.25,1283.5,3284.75,2327.625,2640.875,36.16,50.49
13.4,2618.375,2745.75,2462.0,2991.125,2730.125,2429.0,1289.75,3287.0,2329.5,2644.25,36.19,50.51
13.5,2621.75,2749.25,2462.5,2993.25,2730.75,2429.75,1295.875,3289.0,2331.25,2647.5,36.19,50.52
13.6,2625.125,2752.75,2462.875,2995.5,2731.5,2430.5,1302.0,3291.0,2333.125,2650.75,36.2,50.5
13.7,2628.5,2756.125,2463.25,2997.625,2732.125,2431.25,1307.75,3293.0,2334.875,2654.0,36.19,50.52
13.8,2631.75,2759.375,2463.75,2999.625,2732.625,2431.875,1313.5,3294.875,2336.625,2657.0,36.2,50.54
13.9,2635.0,2762.75,2464.125,3001.75,2733.25,2432.625,1319.125,3296.875,2338.25,2660.25,36.2,50.5
14.0,2638.125,2766.125,2464.5,3003.75,2733.75,2433.25,1324.75,3298.75,2339.875,2663.375,36.19,50.53
14.1,2641.125,2769.25,2464.875,3005.75,2734.375,2433.875,1330.5,3300.5,2341.5,2666.25,36.2,50.55
14.2,2644.25,2772.5,2465.25,3007.625,2735.0,2434.375,1335.875,3302.25,2343.125,2669.375,36.2,50.54
14.3,2647.125,2775.625,2465.625,3009.375,2735.5,2435.0,1341.25,3304.0,2344.625,2672.25,36.16,50.52
14.4,2650.0,2778.625,2465.875,3011.25,2736.0,2435.5,1346.75,3305.75,2346.25,2675.125,36.19,50.53
14.5,2652.875,2781.625,2466.25,3013.0,2736.625,2436.125,1352.0,3307.375,2347.75,2677.875,36.18,50.56
14.6,2655.625,2784.5,2466.625,3014.75,2737.125,2436.625,1357.125,3309.0,2349.25,2680.625,36.2,50.54
14.7,2658.375,2787.375,2467.0,3016.375,2737.625,2437.25,1362.25,3310.625,2350.75,2683.375,36.2,50.56
14.8,2661.125,2790.25,2467.375,3018.125,2738.0,2437.875,1367.5,3312.125,2352.125,2686.125,36.18,50.56
14.9,2663.875,2793.0,2467.75,3019.75,2738.5,2438.375,1372.375,3313.75,2353.625,2688.75,36.18,50.56
15.0,2666.375,2795.875,2468.125,3021.375,2738.875,2438.875,1377.375,3315.25,2354.875,2691.375,36.2,50.56
15.1,2669.0,2798.5,2468.375,3023.0,2739.375,2439.375,1382.25,3316.75,2356.25,2694.125,36.19,50.59
15.2,2671.5,2801.25,2468.75,3024.625,2739.875,2439.875,1387.125,3318.125,2357.625,2696.75,36.18,50.57
15.3,2674.0,2803.875,2469.0,3026.125,2740.375,2440.375,1391.75,3319.625,2359.0,2699.25,36.22,50.55
15.4,2676.375,2806.5,2469.25,3027.625,2740.75,2440.75,1396.625,3321.0,2360.375,2701.75,36.22,50.56
15.5,2678.75,2808.875,2469.625,3029.0,2741.125,2441.125,1401.125,3322.5,2361.75,2704.25,36.2,50.57
15.6,2681.125,2811.375,2469.875,3030.5,2741.5,2441.625,1405.625,3323.75,2363.0,2706.625,36.19,50.56
15.7,2683.5,2813.75,2470.25,3032.0,2741.875,2442.125,1410.125,3325.25,2364.25,2709.0,36.18,50.55
15.8,2685.625,2816.125,2470.625,3033.25,2742.25,2442.625,1414.5,3326.5,2365.5,2711.375,36.19,50.57
15.9,2688.0,2818.5,2470.875,3034.625,2742.625,2443.0,1418.875,3327.875,2366.75,2713.75,36.2,50.59
16.0,2690.125,2820.875,2471.125,3035.875,2743.125,2443.375,1423.25,3329.125,2367.875,2716.125,36.18,50.62
16.1,2692.25,2823.25,2471.375,3037.25,2743.5,2443.75,1427.625,3330.5,2369.125,2718.5,36.18,50.57
16.2,2694.25,2825.5,2471.75,3038.5,2743.875,2444.0,1431.75,3331.625,2370.25,2720.75,36.2,50.56
16.3,2696.375,2827.75,2471.875,3039.75,2744.25,2444.375,1436.0,3332.875,2371.5,2722.875,36.18,50.6
16.4,2698.375,2829.75,2472.25,3040.875,2744.5,2444.75,1440.0,3334.0,2372.625,2725.125,36.16,50.59
16.5,2700.5,2831.875,2472.5,3042.125,2744.875,2445.125,1444.125,3335.25,2373.75,2727.25,36.19,50.61
16.6,2702.5,2834.0,2472.875,3043.25,2745.25,2445.5,1448.25,3336.375,2374.875,2729.375,36.19,50.6
16.7,2704.375,2836.0,2473.125,3044.375,2745.625,2445.875,1452.0,3337.5,2376.0,2731.5,36.18,50.57
16.8,2706.25,2838.125,2473.375,3045.625,2745.875,2446.25,1456.0,3338.625,2377.0,2733.625,36.19,50.63
16.9,2708.125,2840.25,2473.625,3046.75,2746.25,2446.5,1459.75,3339.875,2378.0,2735.75,36.16,50.58
17.0,2710.0,2842.125,2473.875,3047.75,2746.5,2446.875,1463.625,3340.875,2379.125,2737.75,36.19,50.57
17.1,2711.75,2844.0,2474.125,3048.875,2747.0,2447.125,1467.375,3342.0,2380.25,2739.875,36.19,50.59
17.2,2713.625,2846.0,2474.25,3049.875,2747.125,2447.5,1471.125,3343.0,2381.25,2741.875,36.19,50.6
17.3,2715.375,2847.75,2474.625,3050.875,2747.5,2447.75,1474.875,3344.0,2382.375,2743.75,36.2,50.63
17.4,2717.125,2849.625,2474.875,3051.875,2747.75,2448.125,1478.375,3345.0,2383.375,2745.75,36.2,50.6
17.5,2718.875,2851.375,2475.125,3052.75,2748.0,2448.5,1481.875,3346.0,2384.375,2747.75,36.22,50.63
17.6,2720.5,2853.125,2475.5,3053.75,2748.25,2448.625,1485.375,3346.875,2385.375,2749.625,36.2,50.61
17.7,2722.25,2854.875,2475.75,3054.5,2748.5,2449.0,1489.0,3347.875,2386.375,2751.625,36.18,50.62
17.8,2723.875,2856.75,2475.875,3055.5,2748.75,2449.25,1492.375,3348.75,2387.25,2753.375,36.2,50.61
17.9,2725.375,2858.375,2476.125,3056.5,2749.125,2449.375,1495.75,3349.625,2388.25,2755.375,36.18,50.62
18.0,2727.0,2860.125,2476.375,3057.25,2749.375,2449.625,1499.125,3350.625,2389.125,2757.125,36.19,50.61
18.1,2728.5,2861.75,2476.5,3058.125,2749.625,2449.875,1502.5,3351.5,2390.125,2758.875,36.19,50.6
18.2,2730.125,2863.375,2476.75,3059.0,2749.875,2450.125,1505.875,3352.375,2391.0,2760.625,36.18,50.62
18.3,2731.625,2864.875,2477.0,3059.75,2750.125,2450.375,1509.0,3353.125,2391.875,2762.375,36.22,50.61
18.4,2733.125,2866.375,2477.25,3060.625,2750.375,2450.75,1512.25,3354.0,2392.75,2764.125,36.19,50.61
18.5,2734.625,2868.0,2477.5,3061.375,2750.625,2451.0,1515.375,3354.875,2393.625,2765.875,36.19,50.64
18.6,2736.0,2869.5,2477.75,3062.125,2750.875,2451.125,1518.5,3355.75,2394.5,2767.625,36.18,50.64
18.7,2737.5,2871.0,2478.0,3062.875,2751.0,2451.375,1521.625,3356.5,2395.375,2769.375,36.19,50.63
18.8,2738.875,2872.5,2478.125,3063.625,2751.375,2451.625,1524.75,3357.375,2396.25,2771.0,36.2,50.64
18.9,2740.25,2874.0,2478.25,3064.5,2751.625,2451.875,1527.75,3358.25,2397.0,2772.625,36.19,50.65
19.0,2741.625,2875.375,2478.5,3065.25,2751.75,2452.125,1530.875,3359.0,2397.875,2774.25,36.2,50.64
19.1,2743.0,2876.75,2478.625,3065.875,2752.0,2452.375,1533.625,3359.75,2398.625,2775.75,36.19,50.63
19.2,2744.25,2878.125,2478.875,3066.625,2752.25,2452.75,1536.625,3360.5,2399.375,2777.375,36.19,50.65
19.3,2745.625,2879.375,2479.25,3067.375,2752.375,2453.0,1539.5,3361.125,2400.125,2779.0,36.19,50.66
19.4,2746.875,2880.75,2479.375,3068.125,2752.625,2453.25,1542.375,3361.875,2400.875,2780.5,36.19,50.63
19.5,2748.125,2882.0,2479.625,3068.875,2752.75,2453.5,1545.25,3362.625,2401.625,2782.125,36.19,50.65
19.6,2749.375,2883.375,2479.75,3069.5,2753.0,2453.625,1547.875,3363.375,2402.25,2783.625,36.2,50.63
19.7,2750.625,2884.625,2480.0,3070.25,2753.125,2453.875,1550.875,3364.125,2403.0,2785.125,36.19,50.61
19.8,2751.75,2886.0,2480.0,3071.0,2753.375,2454.125,1553.625,3364.75,2403.75,2786.75,36.2,50.66
19.9,2753.0,2887.25,2480.25,3071.625,2753.5,2454.25,1556.25,3365.5,2404.375,2788.125,36.18,50.64
20.0,2754.125,2888.375,2480.375,3072.25,2753.75,2454.5,1558.875,3366.25,2405.0,2789.625,36.19,50.65
20.1,2755.375,2889.625,2480.625,3072.875,2754.0,2454.75,1561.625,3366.875,2405.75,2791.125,36.2,50.66
20.2,2756.5,2890.75,2480.875,3073.5,2754.125,2455.0,1564.125,3367.5,2406.5,2792.5,36.19,50.66
20.3,2757.75,2891.875,2481.125,3074.125,2754.375,2455.25,1566.75,3368.125,2407.125,2793.875,36.19,50.63
20.4,2758.75,2893.0,2481.25,3074.75,2754.5,2455.25,1569.375,3368.75,2407.75,2795.375,36.19,50.64
20.5,2759.875,2894.25,2481.5,3075.375,2754.625,2455.5,1572.0,3369.375,2408.375,2796.75,36.19,50.69
20.6,2760.875,2895.375,2481.625,3076.0,2754.875,2455.625,1574.375,3370.125,2409.125,2798.125,36.19,50.63
20.7,2762.0,2896.5,2481.75,3076.625,2755.0,2455.75,1577.0,3370.75,2409.75,2799.5,36.19,50.63
20.8,2763.0,2897.5,2481.875,3077.25,2755.125,2456.0,1579.5,3371.25,2410.5,2800.875,36.22,50.68
20.9,2764.0,2898.5,2482.0,3077.75,2755.375,2456.125,1581.875,3371.875,2411.125,2802.25,36.2,50.65
21.0,2765.125,2899.5,2482.25,3078.25,2755.5,2456.375,1584.375,3372.5,2411.75,2803.5,36.19,50.65
21.1,2766.125,2900.625,2482.5,3078.75,2755.625,2456.625,1586.625,3373.0,2412.375,2804.875,36.2,50.64
21.2,2767.125,2901.625,2482.75,3079.375,2755.875,2456.875,1589.125,3373.625,2413.0,2806.125,36.19,50.68
21.3,2768.0,2902.625,2482.875,3079.875,2756.0,2457.0,1591.375,3374.125,2413.625,2807.5,36.2,50.66
21.4,2769.125,2903.625,2483.0,3080.375,2756.25,2457.125,1593.75,3374.875,2414.125,2808.75,36.19,50.7
21.5,2770.0,2904.75,2483.125,3081.0,2756.375,2457.25,1596.125,3375.375,2414.75,2810.0,36.2,50.68
21.6,2771.0,2905.625,2483.25,3081.5,2756.5,2457.375,1598.5,3376.0,2415.375,2811.375,36.2,50.68
21.7,2771.875,2906.625,2483.375,3082.0,2756.625,2457.5,1600.75,3376.5,2415.875,2812.625,36.19,50.64
21.8,2772.875,2907.5,2483.5,3082.5,2756.75,2457.625,1602.875,3377.125,2416.625,2813.75,36.18,50.62
21.9,2773.75,2908.375,2483.75,3083.0,2756.875,2457.875,1605.25,3377.625,2417.25,2815.0,36.2,50.66
22.0,2774.75,2909.25,2484.0,3083.375,2757.0,2458.0,1607.5,3378.25,2417.875,2816.25,36.2,50.68
22.1,2775.625,2910.125,2484.125,3083.875,2757.125,2458.25,1609.625,3378.75,2418.5,2817.625,36.19,50.64
22.2,2776.5,2911.0,2484.25,3084.375,2757.25,2458.5,1611.875,3379.25,2419.0,2818.625,36.19,50.66
22.3,2777.375,2911.875,2484.375,3084.875,2757.5,2458.625,1613.875,3379.75,2419.625,2820.0,36.19,50.66
22.4,2778.25,2912.875,2484.625,3085.25,2757.625,2458.75,1616.125,3380.25,2420.125,2821.25,36.18,50.65
22.5,2779.125,2913.625,2484.75,3085.75,2757.75,2458.875,1618.25,3380.625,2420.75,2822.375,36.22,50.67
22.6,2779.875,2914.5,2484.75,3086.25,2757.875,2459.0,1620.375,3381.25,2421.25,2823.625,36.19,50.63
22.7,2780.75,2915.25,2485.0,3086.625,2758.0,2459.25,1622.5,3381.75,2421.75,2824.75,36.23,50.66
22.8,2781.5,2916.125,2485.125,3087.125,2758.125,2459.375,1624.5,3382.25,2422.375,2826.0,36.2,50.63
22.9,2782.375,2916.875,2485.25,3087.625,2758.25,2459.625,1626.5,3382.75,2422.875,2827.125,36.19,50.7
23.0,2783.125,2917.625,2485.5,3088.0,2758.25,2459.75,1628.5,3383.25,2423.5,2828.25,36.18,50.66
23.1,2784.0,2918.375,2485.625,3088.5,2758.375,2460.0,1630.375,3383.75,2423.875,2829.375,36.2,50.65
23.2,2784.75,2919.125,2485.75,3089.0,2758.5,2460.0,1632.375,3384.25,2424.5,2830.5,36.2,50.64
23.3,2785.5,2920.0,2485.875,3089.5,2758.625,2460.125,1634.5,3384.625,2425.0,2831.625,36.2,50.65
23.4,2786.25,2920.625,2486.0,3089.875,2758.875,2460.25,1636.375,3385.125,2425.5,2832.75,36.2,50.61
23.5,2787.0,2921.375,2486.125,3090.25,2758.875,2460.375,1638.25,3385.625,2426.0,2833.875,36.22,50.69
23.6,2787.75,2922.125,2486.125,3090.625,2759.0,2460.5,1640.25,3386.125,2426.5,2834.875,36.19,50.66
23.7,2788.5,2922.875,2486.25,3091.0,2759.125,2460.625,1642.125,3386.625,2427.0,2835.875,36.2,50.65
23.8,2789.25,2923.5,2486.5,3091.375,2759.25,2460.75,1644.125,3387.0,2427.625,2837.0,36.2,50.63
23.9,2790.0,2924.125,2486.75,3091.625,2759.25,2460.875,1645.875,3387.375,2428.125,2838.0,36.22,50.64
24.0,2790.625,2924.875,2487.0,3092.0,2759.375,2461.0,1647.75,3387.875,2428.5,2839.125,36.19,50.68
24.1,2791.375,2925.5,2487.125,3092.25,2759.375,2460.875,1649.875,3388.25,2429.0,2840.125,36.19,50.63
24.2,2792.0,2926.25,2487.125,3092.625,2759.5,2461.0,1651.625,3388.625,2429.5,2841.25,36.2,50.72
24.3,2792.625,2927.0,2487.25,3093.0,2759.75,2461.0,1653.375,3389.0,2429.875,2842.25,36.22,50.64
24.4,2793.25,2927.625,2487.375,3093.25,2759.875,2461.0,1655.25,3389.375,2430.5,2843.25,36.19,50.68
24.5,2793.875,2928.25,2487.5,3093.5,2760.0,2461.125,1657.0,3389.75,2431.0,2844.25,36.2,50.63
24.6,2794.625,2928.75,2487.625,3093.875,2760.125,2461.25,1658.75,3390.125,2431.5,2845.25,36.22,50.68
24.7,2795.125,2929.375,2487.875,3094.125,2760.125,2461.375,1660.625,3390.625,2432.0,2846.25,36.22,50.67
24.8,2795.875,2930.0,2488.0,3094.5,2760.25,2461.5,1662.25,3391.0,2432.5,2847.25,36.2,50.66
24.9,2796.5,2930.625,2488.25,3094.625,2760.375,2461.625,1664.0,3391.375,2433.0,2848.375,36.2,50.66
25.0,2797.125,2931.25,2488.375,3095.125,2760.375,2461.75,1665.75,3391.75,2433.375,2849.25,36.2,50.68
25.1,2797.75,2931.875,2488.5,3095.375,2760.5,2461.875,1667.375,3392.125,2433.875,2850.25,36.2,50.65
25.2,2798.25,2932.5,2488.5,3095.625,2760.625,2462.0,1669.125,3392.5,2434.25,2851.25,36.2,50.66
25.3,2798.875,2933.0,2488.625,3096.0,2760.75,2462.125,1670.875,3392.875,2434.75,2852.25,36.2,50.66
25.4,2799.375,2933.625,2488.75,3096.25,2760.875,2462.125,1672.5,3393.25,2435.25,2853.0,36.22,50.68
25.5,2800.125,2934.125,2489.0,3096.5,2760.875,2462.375,1674.125,3393.625,2435.75,2854.0,36.2,50.68
25.6,2800.75,2934.625,2489.0,3096.875,2761.0,2462.375,1675.875,3393.875,2436.25,2854.875,36.22,50.69
25.7,2801.25,2935.25,2489.25,3097.125,2761.0,2462.5,1677.375,3394.25,2436.625,2855.75,36.19,50.66
25.8,2801.875,2935.75,2489.375,3097.375,2761.125,2462.75,1679.125,3394.5,2437.0,2856.625,36.19,50.69
25.9,2802.375,2936.375,2489.5,3097.75,2761.25,2462.75,1680.75,3394.875,2437.375,2857.625,36.2,50.68
26.0,2803.0,2936.875,2489.625,3097.875,2761.375,2462.875,1682.375,3395.25,2437.875,2858.5,36.2,50.68
26.1,2803.5,2937.5,2489.625,3098.125,2761.5,2462.875,1683.875,3395.625,2438.25,2859.375,36.2,50.64
26.2,2804.0,2938.0,2489.75,3098.5,2761.625,2462.875,1685.5,3395.875,2438.75,2860.375,36.2,50.66
26.3,2804.5,2938.5,2489.875,3098.75,2761.625,2463.125,1687.0,3396.25,2439.25,2861.25,36.23,50.67
26.4,2805.0,2938.875,2489.875,3099.0,2761.75,2463.125,1688.625,3396.625,2439.75,2862.125,36.2,50.64
26.5,2805.625,2939.375,2490.125,3099.25,2761.875,2463.375,1690.125,3396.875,2440.125,2862.875,36.2,50.68
26.6,2806.125,2939.875,2490.25,3099.5,2761.875,2463.375,1691.75,3397.25,2440.625,2863.75,36.22,50.67
26.7,2806.625,2940.375,2490.375,3099.625,2761.875,2463.5,1693.125,3397.5,2441.0,2864.625,36.22,50.67
26.8,2807.25,2940.875,2490.5,3099.875,2762.0,2463.625,1694.75,3397.875,2441.375,2865.625,36.22,50.68
26.9,2807.75,2941.375,2490.5,3100.25,2762.125,2463.75,1696.25,3398.25,2441.75,2866.375,36.22,50.67
27.0,2808.25,2941.875,2490.625,3100.5,2762.25,2463.75,1697.625,3398.5,2442.125,2867.25,36.19,50.7
27.1,2808.75,2942.375,2490.75,3100.75,2762.25,2463.875,1699.25,3398.75,2442.625,2868.125,36.2,50.65
27.2,2809.125,2942.75,2490.875,3100.875,2762.25,2464.0,1700.75,3399.125,2443.0,2868.875,36.19,50.66
27.3,2809.75,2943.25,2491.0,3101.25,2762.375,2464.125,1702.25,3399.375,2443.375,2869.75,36.2,50.7
27.4,2810.125,2943.625,2491.125,3101.375,2762.375,2464.25,1703.625,3399.75,2443.875,2870.5,36.2,50.66
27.5,2810.625,2944.0,2491.25,3101.5,2762.5,2464.375,1705.0,3400.0,2444.25,2871.375,36.22,50.64
27.6,2811.125,2944.5,2491.375,3101.75,2762.5,2464.375,1706.375,3400.25,2444.625,2872.25,36.2,50.65
27.7,2811.625,2945.0,2491.5,3102.0,2762.625,2464.5,1707.875,3400.5,2445.0,2873.0,36.2,50.68
27.8,2812.125,2945.5,2491.625,3102.25,2762.75,2464.5,1709.5,3400.875,2445.25,2873.75,36.2,50.66
27.9,2812.5,2946.0,2491.625,3102.375,2762.875,2464.5,1710.75,3401.125,2445.625,2874.625,36.22,50.63
28.0,2813.0,2946.375,2491.75,3102.625,2762.875,2464.625,1712.125,3401.5,2446.125,2875.375,36.2,50.68
28.1,2813.375,2946.75,2491.875,3102.875,2763.0,2464.75,1713.5,3401.75,2446.375,2876.125,36.2,50.65
28.2,2813.875,2947.125,2491.875,3103.0,2763.0,2464.875,1714.875,3402.0,2446.875,2876.875,36.22,50.67
28.3,2814.375,2947.5,2492.125,3103.25,2763.125,2465.0,1716.125,3402.25,2447.25,2877.625,36.2,50.66
28.4,2814.875,2947.875,2492.25,3103.375,2763.25,2465.125,1717.5,3402.375,2447.625,2878.375,36.22,50.72
28.5,2815.375,2948.25,2492.375,3103.625,2763.25,2465.125,1718.875,3402.75,2448.0,2879.125,36.2,50.66
28.6,2815.75,2948.75,2492.5,3103.875,2763.25,2465.25,1720.25,3403.0,2448.375,2879.875,36.2,50.68
28.7,2816.125,2949.125,2492.625,3104.125,2763.25,2465.25,1721.625,3403.375,2448.75,2880.625,36.18,50.67
28.8,2816.5,2949.625,2492.625,3104.375,2763.375,2465.25,1722.875,3403.625,2449.125,2881.375,36.22,50.71
28.9,2816.875,2950.0,2492.75,3104.5,2763.5,2465.25,1724.125,3404.0,2449.5,2882.125,36.23,50.7
29.0,2817.375,2950.25,2492.75,3104.75,2763.5,2465.375,1725.5,3404.25,2449.875,2882.875,36.19,50.68
29.1,2817.75,2950.625,2492.875,3105.0,2763.5,2465.5,1726.625,3404.5,2450.375,2883.625,36.2,50.65
29.2,2818.25,2951.0,2493.0,3105.125,2763.625,2465.5,1727.875,3404.75,2450.75,2884.375,36.2,50.66
29.3,2818.625,2951.375,2493.125,3105.375,2763.625,2465.625,1729.125,3405.0,2451.125,2885.125,36.2,50.7
29.4,2819.0,2951.75,2493.25,3105.625,2763.625,2465.75,1730.375,3405.25,2451.5,2885.75,36.19,50.68
29.5,2819.5,2952.125,2493.375,3105.75,2763.75,2465.75,1731.625,3405.375,2451.875,2886.625,36.19,50.68
29.6,2819.875,2952.5,2493.375,3106.0,2763.75,2465.875,1733.0,3405.625,2452.25,2887.25,36.18,50.71
29.7,2820.125,2952.875,2493.5,3106.25,2763.875,2466.0,1734.125,3405.875,2452.625,2888.0,36.2,50.68
29.8,2820.5,2953.25,2493.5,3106.375,2763.875,2466.125,1735.375,3406.125,2453.0,2888.75,36.23,50.7
29.9,2820.875,2953.625,2493.625,3106.625,2764.0,2466.375,1736.625,3406.25,2453.375,2889.5,36.2,50.66
30.0,2821.25,2953.875,2493.625,3106.75,2764.0,2466.5,1738.0,3406.5,2453.75,2890.125,36.2,50.68
30.1,2821.625,2954.125,2493.75,3106.875,2764.125,2466.625,1739.125,3406.75,2454.0,2890.75,36.19,50.7
30.2,2822.0,2954.625,2493.875,3107.0,2764.125,2466.75,1740.375,3407.0,2454.375,2891.375,36.2,50.7
30.3,2822.375,2954.875,2494.125,3107.25,2764.125,2466.75,1741.5,3407.25,2454.625,2892.0,36.18,50.67
30.4,2822.625,2955.25,2494.125,3107.375,2764.25,2466.75,1742.75,3407.5,2454.875,2892.75,36.2,50.7
30.5,2823.0,2955.625,2494.25,3107.5,2764.25,2466.75,1743.875,3407.625,2455.25,2893.375,36.22,50.69
30.6,2823.375,2955.875,2494.25,3107.75,2764.375,2466.875,1745.0,3408.0,2455.5,2894.0,36.22,50.71
30.7,2823.625,2956.25,2494.25,3107.875,2764.375,2466.875,1746.25,3408.25,2455.875,2894.625,36.19,50.71
30.8,2824.0,2956.625,2494.25,3108.125,2764.375,2466.875,1747.375,3408.375,2456.125,2895.25,36.2,50.69
30.9,2824.375,2956.875,2494.5,3108.25,2764.5,2467.0,1748.5,3408.625,2456.5,2895.875,36.2,50.65
31.0,2824.75,2957.125,2494.625,3108.375,2764.5,2467.125,1749.75,3408.75,2456.875,2896.5,36.2,50.74
31.1,2825.125,2957.5,2494.625,3108.625,2764.5,2467.125,1750.75,3409.0,2457.25,2897.125,36.2,50.73
31.2,2825.5,2957.875,2494.75,3108.75,2764.5,2467.125,1752.0,3409.125,2457.5,2897.75,36.2,50.69
31.3,2825.75,2958.125,2494.875,3108.875,2764.625,2467.125,1753.0,3409.375,2457.875,2898.375,36.18,50.67
31.4,2826.125,2958.5,2495.0,3109.125,2764.75,2467.125,1754.25,3409.625,2458.125,2899.125,36.19,50.7
31.5,2826.375,2958.75,2495.0,3109.25,2764.75,2467.125,1755.25,3409.875,2458.5,2899.625,36.2,50.68
31.6,2826.75,2959.125,2495.0,3109.375,2764.875,2467.125,1756.25,3410.125,2458.875,2900.25,36.2,50.68
31.7,2827.0,2959.375,2495.125,3109.625,2764.875,2467.25,1757.25,3410.375,2459.25,2900.875,36.22,50.73
31.8,2827.25,2959.625,2495.125,3109.75,2764.875,2467.375,1758.5,3410.5,2459.625,2901.5,36.2,50.72
31.9,2827.625,2959.875,2495.25,3109.875,2764.875,2467.375,1759.5,3410.625,2460.0,2902.125,36.19,50.73
32.0,2828.0,2960.125,2495.375,3110.0,2765.0,2467.5,1760.625,3410.75,2460.25,2902.625,36.19,50.73
32.1,2828.375,2960.5,2495.5,3110.125,2765.125,2467.625,1761.75,3411.0,2460.625,2903.25,36.2,50.73
32.2,2828.625,2960.75,2495.625,3110.25,2765.0,2467.625,1762.75,3411.125,2460.875,2904.0,36.2,50.7
32.3,2828.875,2961.125,2495.75,3110.375,2765.125,2467.625,1763.875,3411.375,2461.25,2904.5,36.2,50.72
32.4,2829.25,2961.375,2495.75,3110.5,2765.25,2467.75,1764.875,3411.5,2461.625,2905.125,36.19,50.73
32.5,2829.5,2961.625,2495.75,3110.625,2765.25,2467.75,1766.125,3411.75,2462.0,2905.75,36.19,50.7
32.6,2829.875,2961.875,2495.75,3110.75,2765.375,2467.875,1767.0,3412.0,2462.25,2906.25,36.2,50.7
32.7,2830.125,2962.125,2495.875,3110.875,2765.375,2467.875,1768.125,3412.25,2462.625,2906.875,36.18,50.72
32.8,2830.375,2962.5,2496.0,3111.0,2765.375,2468.0,1769.25,3412.375,2462.875,2907.375,36.2,50.7
32.9,2830.75,2962.75,2496.125,3111.25,2765.375,2468.125,1770.125,3412.625,2463.25,2908.0,36.2,50.72
33.0,2831.0,2963.0,2496.25,3111.375,2765.5,2468.125,1771.0,3412.875,2463.5,2908.5,36.19,50.75
33.1,2831.25,2963.25,2496.375,3111.5,2765.5,2468.25,1772.125,3413.125,2463.875,2909.125,36.2,50.7
33.2,2831.5,2963.625,2496.375,3111.75,2765.5,2468.25,1773.25,3413.25,2464.125,2909.75,36.2,50.7
33.3,2831.75,2963.875,2496.375,3111.875,2765.625,2468.375,1774.25,3413.5,2464.5,2910.375,36.22,50.74
33.4,2832.125,2964.125,2496.375,3112.0,2765.625,2468.375,1775.25,3413.625,2464.75,2910.875,36.19,50.73
33.5,2832.25,2964.375,2496.5,3112.125,2765.75,2468.5,1776.375,3413.75,2465.0,2911.5,36.19,50.74
33.6,2832.5,2964.625,2496.5,3112.125,2765.75,2468.5,1777.125,3413.875,2465.375,2912.0,36.2,50.73
33.7,2832.875,2964.875,2496.625,3112.25,2765.75,2468.625,1778.125,3414.0,2465.625,2912.5,36.2,50.72
33.8,2833.125,2965.125,2496.75,3112.375,2765.875,2468.625,1779.25,3414.25,2466.0,2913.125,36.19,50.73
33.9,2833.375,2965.25,2496.875,3112.5,2765.75,2468.625,1780.125,3414.375,2466.25,2913.625,36.23,50.75
34.0,2833.625,2965.625,2497.0,3112.625,2765.875,2468.625,1781.25,3414.5,2466.625,2914.125,36.22,50.74
34.1,2833.875,2965.875,2497.0,3112.75,2765.875,2468.625,1782.25,3414.75,2466.875,2914.75,36.2,50.73
34.2,2834.125,2966.125,2497.125,3112.875,2766.0,2468.75,1783.125,3414.875,2467.125,2915.375,36.22,50.72
34.3,2834.375,2966.375,2497.125,3113.0,2766.125,2468.75,1784.125,3415.0,2467.375,2915.75,36.22,50.74
34.4,2834.625,2966.625,2497.125,3113.125,2766.125,2469.0,1785.0,3415.25,2467.75,2916.25,36.2,50.72
34.5,2834.875,2966.875,2497.25,3113.25,2766.125,2469.125,1785.875,3415.375,2468.0,2916.75,36.19,50.74
34.6,2835.125,2967.125,2497.375,3113.375,2766.125,2469.25,1786.875,3415.5,2468.25,2917.25,36.19,50.73
34.7,2835.375,2967.25,2497.5,3113.375,2766.25,2469.25,1787.875,3415.625,2468.625,2917.75,36.2,50.78
34.8,2835.625,2967.5,2497.625,3113.5,2766.25,2469.375,1788.875,3415.875,2468.875,2918.25,36.2,50.75
34.9,2835.875,2967.75,2497.625,3113.625,2766.25,2469.375,1789.75,3415.875,2469.125,2918.75,36.22,50.73
35.0,2836.125,2968.0,2497.75,3113.75,2766.25,2469.375,1790.75,3416.125,2469.25,2919.25,36.22,50.74
35.1,2836.25,2968.25,2497.75,3113.875,2766.375,2469.5,1791.625,3416.375,2469.5,2919.75,36.2,50.77
35.2,2836.5,2968.5,2497.75,3114.0,2766.375,2469.5,1792.5,3416.5,2469.75,2920.25,36.22,50.74
35.3,2836.75,2968.75,2497.75,3114.0,2766.5,2469.625,1793.5,3416.625,2470.0,2920.75,36.2,50.75
35.4,2837.0,2968.875,2497.75,3114.125,2766.5,2469.75,1794.5,3416.75,2470.375,2921.125,36.22,50.73
35.5,2837.25,2969.125,2498.0,3114.25,2766.5,2469.875,1795.375,3416.75,2470.5,2921.625,36.2,50.77
35.6,2837.5,2969.375,2498.0,3114.25,2766.625,2469.875,1796.25,3416.875,2470.75,2922.0,36.2,50.73
35.7,2837.75,2969.5,2498.125,3114.375,2766.625,2470.0,1797.25,3417.125,2471.0,2922.625,36.2,50.72
35.8,2838.0,2969.875,2498.25,3114.375,2766.625,2470.0,1798.0,3417.25,2471.25,2923.0,36.2,50.77
35.9,2838.125,2970.125,2498.25,3114.5,2766.75,2470.125,1799.0,3417.375,2471.5,2923.5,36.22,50.77
36.0,2838.375,2970.375,2498.25,3114.625,2766.875,2470.125,1799.875,3417.5,2471.625,2924.0,36.22,50.73
36.1,2838.5,2970.5,2498.25,3114.75,2766.875,2470.25,1800.75,3417.625,2472.0,2924.5,36.2,50.77
36.2,2838.75,2970.75,2498.25,3114.875,2767.0,2470.25,1801.625,3417.75,2472.25,2925.0,36.22,50.78
36.3,2839.0,2970.875,2498.375,3115.0,2767.0,2470.375,1802.5,3417.875,2472.5,2925.375,36.2,50.77
36.4,2839.125,2971.125,2498.5,3115.0,2767.0,2470.375,1803.25,3418.0,2472.75,2925.875,36.22,50.77
36.5,2839.375,2971.375,2498.625,3115.125,2767.0,2470.625,1804.25,3418.125,2473.0,2926.25,36.2,50.77
36.6,2839.625,2971.5,2498.625,3115.25,2767.125,2470.75,1804.875,3418.25,2473.125,2926.875,36.23,50.76
36.7,2839.75,2971.75,2498.75,3115.375,2767.125,2470.75,1805.75,3418.375,2473.375,2927.375,36.22,50.73
36.8,2840.0,2972.0,2498.75,3115.5,2767.25,2470.75,1806.625,3418.625,2473.625,2927.875,36.2,50.74
36.9,2840.125,2972.25,2498.75,3115.5,2767.375,2470.875,1807.5,3418.75,2473.875,2928.375,36.22,50.78
37.0,2840.375,2972.5,2498.875,3115.625,2767.375,2470.875,1808.375,3418.875,2474.0,2928.875,36.19,50.77
37.1,2840.5,2972.75,2498.75,3115.75,2767.375,2470.875,1809.125,3419.0,2474.375,2929.375,36.19,50.73
37.2,2840.625,2972.875,2498.875,3115.75,2767.5,2470.875,1810.125,3419.125,2474.625,2929.75,36.2,50.75
37.3,2841.0,2973.0,2499.0,3115.875,2767.5,2470.875,1810.875,3419.375,2474.875,2930.25,36.2,50.77
37.4,2841.125,2973.125,2499.125,3115.875,2767.375,2470.875,1811.625,3419.5,2475.25,2930.625,36.2,50.77
37.5,2841.375,2973.375,2499.125,3116.0,2767.5,2470.875,1812.5,3419.625,2475.375,2931.125,36.22,50.76
37.6,2841.5,2973.625,2499.25,3116.25,2767.5,2471.0,1813.375,3419.75,2475.625,2931.625,36.2,50.77
37.7,2841.75,2973.875,2499.25,3116.375,2767.5,2471.0,1814.0,3419.875,2475.875,2932.0,36.2,50.78
37.8,2842.0,2974.0,2499.25,3116.5,2767.625,2471.0,1814.875,3420.0,2476.125,2932.5,36.22,50.81
37.9,2842.125,2974.25,2499.25,3116.625,2767.625,2471.125,1815.625,3420.125,2476.375,2932.875,36.19,50.79
38.0,2842.25,2974.375,2499.25,3116.75,2767.625,2471.125,1816.5,3420.375,2476.5,2933.25,36.22,50.77
38.1,2842.5,2974.625,2499.375,3116.75,2767.625,2471.25,1817.375,3420.5,2476.875,2933.625,36.2,50.83
38.2,2842.625,2974.75,2499.375,3116.875,2767.625,2471.375,1818.125,3420.625,2477.0,2934.125,36.2,50.78
38.3,2842.875,2975.0,2499.5,3117.0,2767.625,2471.5,1818.875,3420.75,2477.25,2934.375,36.19,50.81
38.4,2843.125,2975.125,2499.625,3117.125,2767.75,2471.625,1819.625,3420.875,2477.375,2934.875,36.2,50.8
38.5,2843.25,2975.375,2499.625,3117.25,2767.75,2471.625,1820.5,3421.0,2477.625,2935.25,36.2,50.8
38.6,2843.5,2975.5,2499.625,3117.25,2767.75,2471.75,1821.375,3421.125,2477.75,2935.625,36.2,50.81
38.7,2843.625,2975.75,2499.625,3117.375,2767.75,2471.75,1822.0,3421.25,2478.0,2936.125,36.19,50.82
38.8,2843.875,2976.0,2499.75,3117.625,2767.875,2471.75,1822.875,3421.375,2478.125,2936.375,36.22,50.8
38.9,2844.0,2976.125,2499.75,3117.625,2767.875,2471.875,1823.625,3421.5,2478.25,2936.75,36.2,50.75
39.0,2844.125,2976.25,2499.875,3117.75,2768.0,2471.75,1824.375,3421.5,2478.625,2937.125,36.22,50.76
39.1,2844.375,2976.375,2499.875,3117.75,2768.0,2471.875,1825.25,3421.625,2478.75,2937.5,36.18,50.78
39.2,2844.5,2976.625,2500.0,3117.75,2768.0,2472.0,1826.0,3421.75,2479.0,2937.875,36.2,50.82
39.3,2844.75,2976.75,2500.125,3117.875,2768.0,2472.0,1826.75,3421.875,2479.125,2938.25,36.2,50.78
39.4,2844.75,2977.0,2500.125,3118.0,2768.0,2472.125,1827.375,3422.0,2479.375,2938.75,36.2,50.82
39.5,2845.0,2977.25,2500.125,3118.125,2768.125,2472.125,1828.125,3422.0,2479.625,2939.125,36.22,50.83
39.6,2845.125,2977.375,2500.25,3118.125,2768.25,2472.125,1829.0,3422.25,2479.75,2939.625,36.2,50.81
39.7,2845.25,2977.625,2500.25,3118.25,2768.25,2472.25,1829.75,3422.375,2480.0,2940.0,36.2,50.81
39.8,2845.375,2977.75,2500.25,3118.25,2768.375,2472.25,1830.5,3422.5,2480.25,2940.375,36.2,50.81
39.9,2845.5,2977.875,2500.25,3118.375,2768.25,2472.25,1831.25,3422.625,2480.375,2940.75,36.22,50.82
40.0,2845.75,2978.125,2500.375,3118.375,2768.375,2472.375,1832.0,3422.75,2480.75,2941.125,36.22,50.87
40.1,2846.0,2978.25,2500.5,3118.375,2768.375,2472.5,1832.75,3422.75,2480.875,2941.625,36.22,50.81
40.2,2846.125,2978.375,2500.5,3118.5,2768.375,2472.5,1833.5,3422.875,2481.0,2942.0,36.22,50.82
40.3,2846.25,2978.625,2500.625,3118.5,2768.5,2472.5,1834.25,3423.0,2481.25,2942.375,36.22,50.85
40.4,2846.375,2978.75,2500.625,3118.625,2768.5,2472.625,1835.0,3423.125,2481.375,2942.875,36.19,50.79
40.5,2846.5,2978.875,2500.75,3118.625,2768.625,2472.625,1835.625,3423.25,2481.625,2943.25,36.23,50.85
40.6,2846.625,2979.125,2500.625,3118.75,2768.625,2472.5,1836.25,3423.375,2481.75,2943.625,36.22,50.87
40.7,2846.75,2979.25,2500.625,3118.875,2768.75,2472.625,1837.0,3423.5,2482.0,2944.0,36.2,50.77
40.8,2846.875,2979.5,2500.625,3118.875,2768.75,2472.75,1837.75,3423.625,2482.25,2944.375,36.22,50.83
40.9,2847.125,2979.5,2500.75,3119.0,2768.75,2472.75,1838.375,3423.75,2482.5,2944.625,36.23,50.81
41.0,2847.25,2979.75,2500.875,3119.0,2768.75,2472.75,1839.0,3423.875,2482.75,2945.0,36.23,50.86
41.1,2847.5,2979.875,2501.0,3119.125,2768.75,2472.75,1839.75,3424.0,2482.875,2945.375,36.2,50.81
41.2,2847.625,2980.125,2501.0,3119.125,2768.75,2472.875,1840.375,3424.125,2483.125,2945.75,36.2,50.85
41.3,2847.75,2980.375,2501.125,3119.25,2768.75,2472.875,1841.25,3424.25,2483.25,2946.125,36.22,50.83
41.4,2847.875,2980.5,2501.0,3119.375,2768.75,2472.875,1841.875,3424.375,2483.5,2946.5,36.19,50.86
41.5,2848.0,2980.75,2501.125,3119.375,2768.875,2472.875,1842.625,3424.375,2483.625,2946.875,36.23,50.85
41.6,2848.125,2980.875,2501.0,3119.5,2768.875,2472.875,1843.25,3424.5,2483.875,2947.125,36.2,50.87
41.7,2848.25,2981.0,2501.125,3119.625,2768.875,2473.0,1844.0,3424.625,2484.125,2947.625,36.19,50.84
41.8,2848.375,2981.125,2501.125,3119.625,2769.0,2473.0,1844.625,3424.625,2484.25,2947.875,36.22,50.82
41.9,2848.625,2981.125,2501.25,3119.625,2769.0,2473.125,1845.25,3424.75,2484.625,2948.25,36.2,50.85
42.0,2848.75,2981.375,2501.125,3119.625,2769.0,2473.125,1845.875,3424.875,2484.75,2948.625,36.2,50.86
42.1,2848.875,2981.5,2501.25,3119.625,2769.0,2473.25,1846.625,3425.0,2484.875,2949.0,36.22,50.86
42.2,2848.875,2981.75,2501.125,3119.5,2769.0,2473.25,1847.375,3425.0,2484.875,2949.25,36.23,50.86
42.3,2849.0,2981.875,2501.125,3119.625,2769.0,2473.0,1848.0,3425.125,2484.875,2949.5,36.2,50.88
42.4,2849.125,2982.125,2501.0,3119.625,2769.0,2472.375,1848.625,3425.125,2485.0,2949.75,36.22,50.85
42.5,2849.25,2982.25,2501.0,3119.625,2768.875,2471.0,1849.375,3425.25,2484.875,2950.0,36.2,50.85
42.6,2849.375,2982.25,2501.0,3119.25,2768.75,2468.5,1849.75,3425.25,2484.75,2950.125,36.22,50.86
42.7,2849.5,2982.375,2501.0,3118.5,2768.25,2465.125,1850.375,3425.0,2484.5,2950.125,36.22,50.85
42.8,2849.5,2982.375,2501.125,3117.375,2767.625,2460.625,1850.5,3424.625,2483.875,2950.0,36.23,50.82
42.9,2849.625,2982.375,2501.25,3115.875,2766.75,2455.125,1850.375,3423.875,2483.125,2949.5,36.2,50.9
43.0,2849.625,2982.25,2501.25,3113.875,2765.5,2448.875,1849.75,3422.875,2482.125,2948.375,36.19,50.86
43.1,2849.625,2982.125,2501.125,3111.625,2763.875,2442.125,1848.75,3421.625,2480.875,2946.875,36.22,50.85
43.2,2849.375,2981.875,2501.0,3109.0,2762.0,2434.875,1847.0,3419.875,2479.25,2944.75,36.19,50.78
43.3,2849.0,2981.5,2500.75,3106.0,2759.75,2427.125,1844.75,3417.875,2477.5,2942.0,36.2,50.86
43.4,2848.625,2981.125,2500.625,3102.625,2757.125,2419.375,1842.125,3415.625,2475.375,2938.875,36.2,50.85
43.5,2848.0,2980.375,2500.25,3099.125,2754.25,2411.25,1838.875,3413.0,2473.0,2935.25,36.19,50.83
43.6,2847.0,2979.875,2499.875,3095.25,2751.0,2402.875,1835.125,3410.25,2470.25,2931.25,36.19,50.82
43.7,2845.875,2979.0,2499.375,3091.25,2747.75,2394.5,1830.875,3407.25,2467.125,2926.875,36.19,50.79
43.8,2844.375,2978.25,2498.625,3087.0,2744.125,2386.0,1826.5,3404.0,2463.75,2922.125,36.2,50.78
43.9,2842.75,2977.25,2497.875,3082.625,2740.5,2377.5,1821.75,3400.5,2460.125,2917.25,36.23,50.77
44.0,2841.0,2976.25,2497.0,3078.125,2736.75,2369.125,1816.625,3397.0,2456.125,2912.125,36.22,50.72
44.1,2838.75,2975.125,2495.875,3073.5,2732.875,2360.625,1811.25,3393.25,2452.0,2906.625,36.22,50.71
44.2,2836.25,2973.75,2494.875,3068.625,2729.0,2352.375,1805.625,3389.25,2447.5,2900.875,36.19,50.68
44.3,2833.75,2972.375,2493.75,3063.75,2725.125,2344.375,1799.75,3385.375,2442.875,2895.125,36.22,50.63
44.4,2831.0,2970.875,2492.625,3058.625,2721.0,2336.375,1793.625,3381.25,2438.125,2889.125,36.2,50.65
44.5,2828.125,2969.25,2491.375,3053.375,2716.875,2328.25,1787.375,3377.0,2433.0,2883.125,36.22,50.56
44.6,2825.0,2967.625,2490.125,3048.25,2713.0,2320.5,1780.875,3372.75,2427.75,2877.0,36.2,50.55
44.7,2821.625,2965.75,2488.75,3042.875,2708.875,2312.625,1774.5,3368.375,2422.25,2870.75,36.22,50.58
44.8,2818.125,2963.875,2487.25,3037.5,2704.875,2304.75,1767.75,3364.0,2416.75,2864.5,36.22,50.53
44.9,2814.375,2961.875,2485.875,3032.25,2700.875,2297.25,1761.0,3359.5,2411.0,2858.0,36.2,50.48
45.0,2810.625,2959.875,2484.375,3026.75,2696.875,2289.75,1754.125,3355.0,2405.25,2851.5,36.22,50.43
